{
  "generatedBy": "Microsoft.NET.Sdk.Functions.Generator-4.1.1",
  "configurationSource": "attributes",
  "bindings": [
    {
      "type": "cosmosDBTrigger",
      "connectionStringSetting": "ConnectionStrings:lYqzehKTj99e3JywkHwWPawkWRzTTjcGb4q6iYGniM3VTGp7nu5ezUT9bF7i0umLdXjsB8Wn56JrACDbe8duzg==",
      "leaseCollectionName": "leases",
      "collectionName": "collectionName",
      "databaseName": "databaseName",
      "leaseDatabaseName": "databaseName",
      "createLeaseCollectionIfNotExists": false,
      "startFromBeginning": false,
      "useMultipleWriteLocations": false,
      "useDefaultJsonSerialization": false,
      "name": "input"
    }
  ],
  "disabled": false,
  "scriptFile": "../bin/AptarCloud.dll",
  "entryPoint": "AptarCloud.Function.Run"
}